host,pass,fail,notapplicable,score_weighted_pct
dr-k3s-master-02,314,46,48,82.19
dr-k3s-master-03,314,46,48,82.19
dr-k3s-worker-04,313,47,48,81.90
dr-k3s-worker-05,313,47,48,81.90
dr-k3s-master-01,312,48,48,81.70
dr-k3s-worker-01,312,48,48,81.60
dr-k3s-worker-02,312,48,48,81.60
dr-k3s-worker-03,312,48,48,81.60
dr-mysql-01,300,49,49,76.78
dr-mysql-02,300,49,49,76.78
dr-mysql-03,300,49,49,76.78
dr-proxysql-01,300,49,49,76.78
dr-proxysql-02,300,49,49,76.78
dr-mongo-rabbit-01,299,50,49,76.78
dr-mongo-rabbit-02,299,50,49,76.78
dr-mongo-rabbit-03,296,55,47,76.34
dr-haprox-01,302,56,50,75.40
dr-haprox-02,302,56,50,75.40
dr-minio-01,291,58,49,73.47
dr-minio-02,291,58,49,73.47
dr-minio-03,289,60,49,72.87
dr-lisabackend,293,65,50,72.08
dr-monitoring,291,67,50,71.49
